vXqqX3wB-EioIzkeYyvV,0
xnqqX3wB-EioIzkeZCu9,0
ZHqqX3wB-EioIzkeWSvs,0
3HqqX3wB-EioIzkeZist,0
53qqX3wB-EioIzkeZytN,0
eHqqX3wB-EioIzkeXCue,0
gXqqX3wB-EioIzkeXSu6,0
iXqqX3wB-EioIzkeXivG,0
kXqqX3wB-EioIzkeXyvI,0
l3qqX3wB-EioIzkeYCsk,0
qHqqX3wB-EioIzkeYSsu,0
uHqqX3wB-EioIzkeYytF,0
NnqqX3wB-EioIzkeVSuE,0
RHqqX3wB-EioIzkeVysQ,0
TXqqX3wB-EioIzkeWCsu,0
4nqqX3wB-EioIzkeTirF,0
JHqqX3wB-EioIzkeVCte,0
KnqqX3wB-EioIzkeVCu1,1
knqqX3wB-EioIzkeRSpI,1
l3qqX3wB-EioIzkeRSrm,0
r3qqX3wB-EioIzkeSCrR,0
sXqqX3wB-EioIzkeSSoU,0
w3qqX3wB-EioIzkeSypU,1
znqqX3wB-EioIzkeTCqJ,1
hnqqX3wB-EioIzkeQyq8,1
Y3qqX3wB-EioIzkePyqk,1
QXqqX3wB-EioIzkeOypg,0
TnqqX3wB-EioIzkePSod,0
EXqqX3wB-EioIzkeNCrV,0
1HqqX3wB-EioIzkeLilc,1
EHu8xnwB-EioIzkefsDw,1
D3u8xnwB-EioIzkefsDq,0
oHu8xnwB-EioIzkee7-Z,0
7nu8xnwB-EioIzkefb_0,0
4nu8xnwB-EioIzkefb-a,1
7Hu8xnwB-EioIzkefb_m,0
yXu8xnwB-EioIzkefL_F,0
snu8xnwB-EioIzkefL8a,0
iXu8xnwB-EioIzkeer_l,0
7WnRvX0BRlTxJO0IBjUQ,0
42nQvX0BRlTxJO0I-zXG,0
5mnQvX0BRlTxJO0I_jXZ,0
3mnQvX0BRlTxJO0I9jWo,0
4GnQvX0BRlTxJO0I-DWy,0
y2nQvX0BRlTxJO0I3zXy,1
uGnQvX0BRlTxJO0IzDVw,0
5Hu8xnwB-EioIzkedr4G,0
qnu8xnwB-EioIzkecr7W,1
dWnQvX0BRlTxJO0ITjVT,0
U2nQvX0BRlTxJO0IKDW_,0
OmnQvX0BRlTxJO0IBTXD,1
O2nQvX0BRlTxJO0IBjXN,0
S2nQvX0BRlTxJO0IIDVr,0
i3u8xnwB-EioIzkecb7w,0
X3u8xnwB-EioIzkecL6n,1
VXu8xnwB-EioIzkecL5e,0
Pnu8xnwB-EioIzkeb762,1
OHu8xnwB-EioIzkeb76L,0
Q3u8xnwB-EioIzkeb77a,0
6GnPvX0BRlTxJO0IhzTS,1
hGnPvX0BRlTxJO0IHDRT,0
v2nPvX0BRlTxJO0IXjQN,0
BHu8xnwB-EioIzkebr4L,0
_Hu8xnwB-EioIzkebb3U,0
s3u8xnwB-EioIzkea72o,0
gHu8xnwB-EioIzkear0s,0
WHu8xnwB-EioIzkeab0M,0
V3u8xnwB-EioIzkeab0F,0
CWnOvX0BRlTxJO0IHjRV,1
AWnOvX0BRlTxJO0IFDTz,0
22nNvX0BRlTxJO0I7TOk,0
6nu8xnwB-EioIzkeZbyX,0
oXu8xnwB-EioIzkeY7x_,0
o3u8xnwB-EioIzkeY7yO,0
tmnNvX0BRlTxJO0IljMa,0
oWnNvX0BRlTxJO0IezNO,0
pGnNvX0BRlTxJO0IgzN-,0
lHu8xnwB-EioIzkeY7wa,0
fXu8xnwB-EioIzkeYrxv,0
Mnu8xnwB-EioIzkeX7wk,0
jmnNvX0BRlTxJO0IOTPh,1
k3u8xnwB-EioIzkeTrqe,0
NWnMvX0BRlTxJO0IzDOp,0
R3u8xnwB-EioIzkeTLpJ,0
Bnu8xnwB-EioIzkeSrpd,0
A3u8xnwB-EioIzkeSrpH,0
9nu8xnwB-EioIzkeSbns,0
oXu8xnwB-EioIzkeRrnw,0
hnu8xnwB-EioIzkeRLmQ,1
kXu8xnwB-EioIzkeRbmY,1
XXu8xnwB-EioIzkeQ7lb,0
XHu8xnwB-EioIzkeQ7lU,0
V2m4wn0BRlTxJO0ItT1S,0
F2nZwn0BRlTxJO0Iej5A,0
22nZwn0BRlTxJO0IKD3J,0
zmnZwn0BRlTxJO0IGT10,0
vWnZwn0BRlTxJO0IBD3-,0
KWm4wn0BRlTxJO0IfT33,0
0mm4wn0BRlTxJO0IFjwA,0
EWm4wn0BRlTxJO0IYD0M,0
vGm3wn0BRlTxJO0I_DyD,0
w2m4wn0BRlTxJO0IBDyn,0
q2m3wn0BRlTxJO0I6DzJ,1
nGm3wn0BRlTxJO0I1zxh,0
cWm3wn0BRlTxJO0IpDyS,0
UHu8xnwB-EioIzke8c7y,0
S3u8xnwB-EioIzke8c67,0
EWm3wn0BRlTxJO0IDTyz,0
IGm3wn0BRlTxJO0IHzw3,0
S2m3wn0BRlTxJO0IUjyV,0
K2m3wn0BRlTxJO0ILDwA,0
Fnu8xnwB-EioIzke8M5f,0
4Gm2wn0BRlTxJO0IrTub,0
43u8xnwB-EioIzke780S,1
iWnXwn0BRlTxJO0IPT10,0
02m2wn0BRlTxJO0Injsm,0
vGm2wn0BRlTxJO0IgjtV,0
uWm2wn0BRlTxJO0IfjvE,0
umm2wn0BRlTxJO0Ifzvg,0
4Wm2wn0BRlTxJO0IsDsE,0
Vnu8xnwB-EioIzke681d,0
knu8xnwB-EioIzke7M3m,0
OGm1wn0BRlTxJO0ImTsu,0
iGm1wn0BRlTxJO0I-Tuz,0
cmm1wn0BRlTxJO0I4DsY,0
nWm2wn0BRlTxJO0IETtx,0
B2m1wn0BRlTxJO0IUzuO,0
K2m1wn0BRlTxJO0Ihjtb,0
TXu8xnwB-EioIzke680Z,0
GHu8xnwB-EioIzke6M1u,0
VXu8xnwB-EioIzke681R,0
yWm0wn0BRlTxJO0I1jrB,0
yGm0wn0BRlTxJO0I1Tqh,0
mWm0wn0BRlTxJO0ImzoM,0
sHu8xnwB-EioIzke5cyn,0
jnu8xnwB-EioIzke5MzJ,0
a3u8xnwB-EioIzke48zp,0
e3u8xnwB-EioIzke5MxQ,0
TWmvwn0BRlTxJO0INTjs,0
Rmmvwn0BRlTxJO0ILDjT,0
lmmvwn0BRlTxJO0IuDgw,0
QXu8xnwB-EioIzkew8gk,0
Cnu8xnwB-EioIzkewcij,0
BXu8xnwB-EioIzkewciA,0
6mmuwn0BRlTxJO0IgzdD,0
3Wmuwn0BRlTxJO0IdDcz,0
6Gmuwn0BRlTxJO0IgDfh,0
Emmuwn0BRlTxJO0IszgG,0
lWmtwn0BRlTxJO0IaTfu,0
wGmuwn0BRlTxJO0IUTfW,0
hGmtwn0BRlTxJO0IVjc6,0
emmtwn0BRlTxJO0ISjdh,0
eHu8xnwB-EioIzketMad,0
hHu8xnwB-EioIzketMbu,0
X3u8xnwB-EioIzkevMf7,0
LXu8xnwB-EioIzkeucd7,0
Q3u8xnwB-EioIzkeusfj,1
R3u8xnwB-EioIzkeu8dA,0
J3u8xnwB-EioIzkeucdS,0
KHu8xnwB-EioIzkeucda,0
Gnu8xnwB-EioIzkeuMf7,0
HXu8xnwB-EioIzkeuccP,0
q3u8xnwB-EioIzketcb9,0
u3u8xnwB-EioIzketsZp,0
82mywn0BRlTxJO0IlDm1,0
aWm0wn0BRlTxJO0ICToZ,0
V2mzwn0BRlTxJO0I8zpv,0
Pmmzwn0BRlTxJO0I1Trq,0
-2mywn0BRlTxJO0IqzmN,0
VHu8xnwB-EioIzke48xD,0
OHu8xnwB-EioIzke4syN,0
KHu8xnwB-EioIzke4swO,0
Dnu8xnwB-EioIzke4cxf,0
AXu8xnwB-EioIzke4cwI,0
unu8xnwB-EioIzke2MoT,0
JHu8xnwB-EioIzke28sF,0
83u8xnwB-EioIzke2cqW,1
3nu8xnwB-EioIzke2coF,0
wnu8xnwB-EioIzke2MpK,0
Znu8xnwB-EioIzke3Mvk,0
WXu8xnwB-EioIzke3Mt2,1
2Wmwwn0BRlTxJO0Izjgp,0
72mywn0BRlTxJO0IjDn0,0
nGmywn0BRlTxJO0IKDl9,1
mGmywn0BRlTxJO0IIznc,0
dWmxwn0BRlTxJO0I-jmm,0
T2mxwn0BRlTxJO0IzTmN,0
Ummxwn0BRlTxJO0I0Tmk,0
o3u8xnwB-EioIzke18pk,0
hXu8xnwB-EioIzke1sp4,0
LHu8xnwB-EioIzke08r_,0
ZXu8xnwB-EioIzke1cqg,0
Mnu8xnwB-EioIzke1Mon,0
_nu8xnwB-EioIzke0ckm,0
EHu8xnwB-EioIzke0sq9,0
C3u8xnwB-EioIzke0so4,0
ynu8xnwB-EioIzkez8kh,0
tXu8xnwB-EioIzkezsmP,0
tHu8xnwB-EioIzkezsmI,0
dnu8xnwB-EioIzkezMnl,0
gXu8xnwB-EioIzkezckw,0
y3u8xnwB-EioIzkeyMhC,0
Snu8xnwB-EioIzkey8m1,0
S3u8xnwB-EioIzkey8m8,0
FXu8xnwB-EioIzkeyslN,0
Hnu8xnwB-EioIzkeysmL,1
I3u8xnwB-EioIzkeysmt,0
uXu8xnwB-EioIzkex8ip,0
lXu8xnwB-EioIzkexsgd,0
sXu8xnwB-EioIzkex8hz,0
QWmswn0BRlTxJO0I5Dci,0
PWmswn0BRlTxJO0I3zdy,0
Immswn0BRlTxJO0IwDff,0
52mswn0BRlTxJO0Iezaw,0
Emmswn0BRlTxJO0Irjd2,1
G2mswn0BRlTxJO0IuDfd,0
5Gmswn0BRlTxJO0IeDZq,0
3Xu8xnwB-EioIzkesMVk,0
s3u8xnwB-EioIzkersWT,0
R3u8xnwB-EioIzkeq8U6,1
FXu8xnwB-EioIzkeqcXW,1
y2mswn0BRlTxJO0IFTYq,0
smmrwn0BRlTxJO0I3DZQ,0
r2mrwn0BRlTxJO0I2DbK,0
p2mrwn0BRlTxJO0IzTa3,1
HXu8xnwB-EioIzkemsNL,0
_nu8xnwB-EioIzkemcJe,1
q3u8xnwB-EioIzkelsL2,1
pXu8xnwB-EioIzkelsLN,0
hGmrwn0BRlTxJO0IjjZv,0
XHu8xnwB-EioIzkelMLO,1
UHu8xnwB-EioIzkelMJu,1
THu8xnwB-EioIzkelMJT,0
tnu8xnwB-EioIzkekMEz,0
rnu8xnwB-EioIzkej8Gh,0
lnu8xnwB-EioIzkejcHE,0
knu8xnwB-EioIzkejcGk,0
jHu8xnwB-EioIzkejcF7,0
Ynu8xnwB-EioIzkeisGr,0
eXu8xnwB-EioIzkejMGh,1
D3u8xnwB-EioIzkeiMEs,1
AXu8xnwB-EioIzkeh8HO,0
4nu8xnwB-EioIzkehsD9,0
inu8xnwB-EioIzkehMBX,0
WHu8xnwB-EioIzkegsD1,0
Y3u8xnwB-EioIzkeg8BC,0
R3u8xnwB-EioIzkegsB7,0
SXoCqXwB-EioIzkeZmwj,0
YnoCqXwB-EioIzkeZmzB,0
JHoCqXwB-EioIzkeZWwr,0
33oCqXwB-EioIzkeY2tp,0
hHoCqXwB-EioIzkeYWsV,0
0XoCqXwB-EioIzkeY2sM,0
T3oCqXwB-EioIzkeX2vC,0
dnoCqXwB-EioIzkeYGu6,0
zXoCqXwB-EioIzkeW2rm,0
znoCqXwB-EioIzkeW2rs,1
anoCqXwB-EioIzkeWWpA,0
c3oCqXwB-EioIzkeWWp7,0
iXoCqXwB-EioIzkeWmoM,0
sHoCqXwB-EioIzkeW2oO,0
xXoCqXwB-EioIzkeW2qV,0
K3oCqXwB-EioIzkeV2qE,0
GHoCqXwB-EioIzkeV2oK,0
YHoCqXwB-EioIzkeWGrZ,0
fnoCqXwB-EioIzkeUGly,0
q3oCqXwB-EioIzkeUWmo,0
N3oCqXwB-EioIzkeTmml,0
OnoCqXwB-EioIzkeTmm4,0
RHoCqXwB-EioIzkeTmn6,0
VnoCqXwB-EioIzkeT2ly,0
rHoCqXwB-EioIzkeSmjT,1
sXoCqXwB-EioIzkeSmj0,0
snoCqXwB-EioIzkeSmj7,1
tHoCqXwB-EioIzkeS2gH,0
unoCqXwB-EioIzkeS2gz,0
X3oCqXwB-EioIzkeSGir,1
bHoCqXwB-EioIzkeSWgL,1
PnoCqXwB-EioIzkeR2jO,0
KnoCqXwB-EioIzkeR2hB,0
wHuTxXwB-EioIzkePpiH,0
13uTxXwB-EioIzke_63a,0
h3uRxXwB-EioIzkeXGOP,0
-HuQxXwB-EioIzken054,0
8nuQxXwB-EioIzken05Q,0
lXuTxXwB-EioIzkekKFb,0
anuRxXwB-EioIzkeJF1F,0
zHuSxXwB-EioIzkeRHxu,0
w3uSxXwB-EioIzkeRHwx,1
KnuRxXwB-EioIzkefme7,0
NXuRxXwB-EioIzkef2ci,0
yHuTxXwB-EioIzkeB5KF,0
xXuTxXwB-EioIzkeB5Jr,0
K3uRxXwB-EioIzkefmfE,0
V3uSxXwB-EioIzkedIJC,0
33uSxXwB-EioIzkeeYIX,0
3HuSxXwB-EioIzkeeIL7,0
93uRxXwB-EioIzkefGbV,0
3XuRxXwB-EioIzkeKF2n,0
13uRxXwB-EioIzkeKF1I,0
1XuRxXwB-EioIzkeKF01,0
Y3uQxXwB-EioIzke01QN,0
KnuTxXwB-EioIzkep6QG,0
JnuTxXwB-EioIzkepqTi,0
cHuTxXwB-EioIzkel6I2,1
HHuTxXwB-EioIzkepqSE,0
ZXuTxXwB-EioIzkelqLs,0
DXuRxXwB-EioIzkeF1xw,0
CHuRxXwB-EioIzkeF1w_,0
TnuTxXwB-EioIzkeQ5mB,0
q3uRxXwB-EioIzke-nR3,0
o3uRxXwB-EioIzke-nQz,0
BXuRxXwB-EioIzkexW_D,0
3nuSxXwB-EioIzkenYZ3,0
oHuSxXwB-EioIzkeJ3la,0
4XuRxXwB-EioIzke4HFI,0
1HuRxXwB-EioIzke33HJ,0
33uRxXwB-EioIzkeMl49,0
J3uQxXwB-EioIzkex1Ni,0
fnuUxXwB-EioIzkeDq-j,0
fXuUxXwB-EioIzkeDq94,0
a3uRxXwB-EioIzkekmmP,0
xnuSxXwB-EioIzkeMnoY,0
YHuRxXwB-EioIzkekmk0,0
uHuSxXwB-EioIzkeMXqx,0
5XuSxXwB-EioIzkelIVm,0
4HuSxXwB-EioIzkelIU2,0
xHuRxXwB-EioIzkezG-j,0
eXuRxXwB-EioIzke-HSi,0
ZXuRxXwB-EioIzke93Th,0
4HuTxXwB-EioIzkeP5i3,1
NHuTxXwB-EioIzke-a3V,1
MXuTxXwB-EioIzke-a25,0
X3uQxXwB-EioIzke9ljb,0
UXuQxXwB-EioIzke9lhR,0
dHuRxXwB-EioIzkeClpx,0
4nuTxXwB-EioIzkeNZfm,0
5nuSxXwB-EioIzke5Y4R,0
J3uQxXwB-EioIzkevVLF,0
bnuRxXwB-EioIzkeQGDB,0
GHuQxXwB-EioIzkevVIN,0
ZnuRxXwB-EioIzkeQGB1,0
nHuRxXwB-EioIzke1HBz,0
hXuRxXwB-EioIzke03CS,0
pHuSxXwB-EioIzke6o93,0
L3uSxXwB-EioIzkel4Yd,0
KXuTxXwB-EioIzkeHpU7,1
jHuSxXwB-EioIzkeZoAV,0
kHuSxXwB-EioIzkeZoA6,0
jXuSxXwB-EioIzkeZoAe,0
eHuSxXwB-EioIzkeZYBb,0
5XuTxXwB-EioIzkev6bu,0
03uRxXwB-EioIzkeDVrc,0
43uTxXwB-EioIzkef5-1,1
U3uQxXwB-EioIzke7FfL,0
XnuQxXwB-EioIzke7Vcz,0
A3uRxXwB-EioIzkeBloz,0
XnuUxXwB-EioIzkeBK6r,1
VHuUxXwB-EioIzkeBK5O,0
zXuQxXwB-EioIzke8VeF,0
unuTxXwB-EioIzkex6d2,0
xXuTxXwB-EioIzkex6fi,0
wHuTxXwB-EioIzkex6ew,0
u3uTxXwB-EioIzkeIpXP,0
tHuTxXwB-EioIzkeIpWn,1
sHuSxXwB-EioIzkeJ3nz,1
pHuSxXwB-EioIzkeXn9B,0
tXuSxXwB-EioIzkeKHkg,0
ZHuTxXwB-EioIzkeDZM1,0
5HuRxXwB-EioIzkel2kx,0
f3uTxXwB-EioIzkeTpr4,0
WHuSxXwB-EioIzkeCHbI,0
DHuSxXwB-EioIzke1I0C,0
BnuSxXwB-EioIzke043U,0
hHuQxXwB-EioIzkepE9V,0
T3uRxXwB-EioIzkeWmOc,0
p3uTxXwB-EioIzkeoqMv,0
jHuQxXwB-EioIzkepE-d,0
qHuTxXwB-EioIzkeoqM3,1
FnuQxXwB-EioIzkejk2W,0
rHuTxXwB-EioIzke0Kh2,1
CHuSxXwB-EioIzket4q7,0
oHuRxXwB-EioIzkep2td,0
xHuRxXwB-EioIzken2pb,0
23uSxXwB-EioIzkeV353,0
B3uSxXwB-EioIzkeIXmT,0
1nuSxXwB-EioIzkeV35I,0
sHuTxXwB-EioIzkeKpbn,0
o3uTxXwB-EioIzkeKpZq,0
oHuTxXwB-EioIzke0Kgn,0
vXuQxXwB-EioIzke-liI,0
13uQxXwB-EioIzke-1hf,0
Z3uRxXwB-EioIzkeAFm3,0
D3uTxXwB-EioIzkeSprS,0
iHuTxXwB-EioIzke86x2,0
f3uQxXwB-EioIzke5VYK,0
AXuTxXwB-EioIzkeSpov,0
UHuRxXwB-EioIzkeEltB,0
IHuTxXwB-EioIzkeuKb7,0
FHuTxXwB-EioIzkeuKaF,0
f3uRxXwB-EioIzkeiWjh,1
8HuTxXwB-EioIzkeEpOT,0
mHuSxXwB-EioIzkedoJd,0
43uSxXwB-EioIzkeF3f2,0
kXuRxXwB-EioIzkesGxB,0
2XuTxXwB-EioIzke2ant,0
TnuTxXwB-EioIzkeX5wS,0
dXuTxXwB-EioIzkej6FJ,0
23uQxXwB-EioIzkelU2o,0
ZnuTxXwB-EioIzkejqHD,0
hnuTxXwB-EioIzke4KqJ,1
dHuTxXwB-EioIzke36re,1
onuQxXwB-EioIzkenU47,0
AHuRxXwB-EioIzkeYWQH,0
UHuTxXwB-EioIzkeVpvX,0
gXuTxXwB-EioIzke4Kpa,0
fnuTxXwB-EioIzke4Ko9,0
bnuTxXwB-EioIzke36qj,1
UXuSxXwB-EioIzkeqoiD,0
SHuRxXwB-EioIzket21K,0
B3uSxXwB-EioIzkeD3fd,0
Y3uTxXwB-EioIzkezaim,0
anuTxXwB-EioIzkezajo,0
o3uQxXwB-EioIzkewlJE,0
F3uUxXwB-EioIzkeC69j,0
pXuSxXwB-EioIzkeiYQ6,0
WXuTxXwB-EioIzkeMZcY,0
k3uSxXwB-EioIzke8pC_,0
kXuRxXwB-EioIzke5nK3,0
jHuRxXwB-EioIzke5nKE,0
HXuRxXwB-EioIzke_XWa,0
DXuSxXwB-EioIzke3Y5I,1
XHuSxXwB-EioIzkebYFe,0
UHuSxXwB-EioIzkebIH7,0
hXuRxXwB-EioIzke5nI7,0
CHuTxXwB-EioIzkeE5R1,0
NHuRxXwB-EioIzke_nVA,0
HHuRxXwB-EioIzke_XWU,1
2HuTxXwB-EioIzkeSJl0,1
1HuTxXwB-EioIzkeSJlQ,0
DHuQxXwB-EioIzkeqVBD,0
LXuRxXwB-EioIzkeT2LJ,1
7nuQxXwB-EioIzkexFL_,0
NnuTxXwB-EioIzkezKgm,0
5HuQxXwB-EioIzkexFKt,0
nXuRxXwB-EioIzkeAllV,0
oHuRxXwB-EioIzkeAllz,0
oXuRxXwB-EioIzkeAll9,0
hnuSxXwB-EioIzkeVH7C,0
7HuRxXwB-EioIzkexW4N,0
sHuTxXwB-EioIzkeEJMr,0
FXuTxXwB-EioIzkegaCd,0
4XuQxXwB-EioIzke6FbF,0
A3uTxXwB-EioIzkegKDs,0
_nuTxXwB-EioIzkegJ-8,0
CHuTxXwB-EioIzkegaAd,0
b3uRxXwB-EioIzkeJF1x,0
h3uTxXwB-EioIzkeYJxO,0
kHuTxXwB-EioIzkeYJyG,0
p3uQxXwB-EioIzkek03v,0
Y3uRxXwB-EioIzkermx-,0
0nuSxXwB-EioIzkeyIvO,0
g3uSxXwB-EioIzkeQnwF,0
nnuSxXwB-EioIzkes4n0,0
jHuSxXwB-EioIzkez4ws,0
5XuRxXwB-EioIzkes2xm,0
tnuSxXwB-EioIzkeDHZ4,0
tXuSxXwB-EioIzkerIik,0
7nuRxXwB-EioIzkes2zj,1
pXuTxXwB-EioIzke4aq1,0
unuTxXwB-EioIzke4qp-,0
onuTxXwB-EioIzkeWZvO,0
G3uQxXwB-EioIzkes1GN,0
VHuRxXwB-EioIzkeSWFc,1
mHuTxXwB-EioIzkevKbs,0
nXuQxXwB-EioIzke71ec,0
CXuRxXwB-EioIzkeD1vv,0
DHuSxXwB-EioIzkeYYD2,0
oXuRxXwB-EioIzkelGmU,0
93uSxXwB-EioIzkeM3r1,0
-3uSxXwB-EioIzkeNHod,0
LHuRxXwB-EioIzkemWrD,0
KXuRxXwB-EioIzkemWqN,0
xXuRxXwB-EioIzke1XDq,0
_3uSxXwB-EioIzkeKnno,0
G3uRxXwB-EioIzkemWom,0
L3uQxXwB-EioIzke9VgY,0
bHuTxXwB-EioIzkecp4Q,0
WHuTxXwB-EioIzkecZ58,0
NnuRxXwB-EioIzkeGFzw,0
13uTxXwB-EioIzkeUppE,0
NHuQxXwB-EioIzkeoU8s,0
CnuRxXwB-EioIzkeV2Pg,0
_XuRxXwB-EioIzkeV2Jk,0
9HuRxXwB-EioIzkevW3A,0
6XuSxXwB-EioIzkeTn35,0
QHuRxXwB-EioIzkedWbU,0
QXuSxXwB-EioIzke1Y2s,0
S3uRxXwB-EioIzkebWU_,0
V3uRxXwB-EioIzkebWW0,0
JnuSxXwB-EioIzkeR334,1
TnuTxXwB-EioIzkeZ52G,0
H3uSxXwB-EioIzkey4yO,0
KnuSxXwB-EioIzkesIkF,0
FHuSxXwB-EioIzkey4wk,0
NHuSxXwB-EioIzkesIlQ,0
rHuRxXwB-EioIzkesWx2,0
a3uRxXwB-EioIzkeZGS-,0
JHuQxXwB-EioIzkemE5N,0
XHuRxXwB-EioIzkeZGQ_,0
F3uQxXwB-EioIzkel07U,0
VnuTxXwB-EioIzke3qqp,0
83uRxXwB-EioIzkeH1zw,1
OnuTxXwB-EioIzkeVZvz,0
2HuQxXwB-EioIzkenk6l,0
lnuRxXwB-EioIzkeum0O,0
AHuSxXwB-EioIzkeromw,0
M3uSxXwB-EioIzkeqYie,0
N3uSxXwB-EioIzkeqYi8,0
LHuSxXwB-EioIzkee4On,0
FnuTxXwB-EioIzkeAZJP,0
r3uQxXwB-EioIzke1lQH,0
OHuRxXwB-EioIzkeK17S,0
JnuTxXwB-EioIzkeVZsu,0
KXuTxXwB-EioIzkeVZtM,0
D3uTxXwB-EioIzkeVJtN,0
U3uQxXwB-EioIzke2lVj,0
r3uTxXwB-EioIzkekaFI,0
N3uQxXwB-EioIzke2VV6,1
TnuQxXwB-EioIzke2lUY,0
HXuTxXwB-EioIzke5auq,0
PHuQxXwB-EioIzke2VWd,0
inuTxXwB-EioIzkeqqQt,0
n3uTxXwB-EioIzkekKGu,1
s3uTxXwB-EioIzkekaFv,0
6XuSxXwB-EioIzkeRXyF,0
wXuRxXwB-EioIzke33ES,1
B3uSxXwB-EioIzkeWH_s,0
53uTxXwB-EioIzkeI5XI,1
-3uTxXwB-EioIzkeJJVp,0
7XuTxXwB-EioIzkeI5Xr,0
9XuTxXwB-EioIzkeJJUX,0
PnuSxXwB-EioIzkehYRt,0
cnuTxXwB-EioIzkeRJnd,0
GnuRxXwB-EioIzkeNF9Y,0
bXuQxXwB-EioIzkeylMd,0
b3uUxXwB-EioIzkeDq8M,0
wnuTxXwB-EioIzkeiKB0,0
vHuRxXwB-EioIzkeTGGW,0
N3uRxXwB-EioIzkex29-,0
yHuRxXwB-EioIzke-3RJ,0
2nuRxXwB-EioIzke-3Sn,0
KXuSxXwB-EioIzkeoIcT,0
VXuSxXwB-EioIzkeQHxl,0
LXuRxXwB-EioIzkeh2iV,0
PXuSxXwB-EioIzkeP3xz,1
NHuTxXwB-EioIzkeC5Nm,0
-nuSxXwB-EioIzkecoEz,0
9nuSxXwB-EioIzkecoEX,0
TXuTxXwB-EioIzkesaVL,0
83uQxXwB-EioIzke4FUi,1
BXuQxXwB-EioIzke4FbS,0
n3uRxXwB-EioIzkeHFzK,0
4HuTxXwB-EioIzkeY5yC,0
OHuTxXwB-EioIzkenqNJ,0
cnuSxXwB-EioIzkefoM_,0
OXuSxXwB-EioIzke-JHO,0
a3uSxXwB-EioIzkefYP-,0
IHuRxXwB-EioIzkez3D_,0
83uRxXwB-EioIzkec2VV,0
X3uTxXwB-EioIzkeFpTU,0
lXuSxXwB-EioIzkeZoBo,0
j3uSxXwB-EioIzke6Y_t,0
GnuRxXwB-EioIzkez3DQ,0
vXuTxXwB-EioIzke_q3G,0
dXuSxXwB-EioIzke6Y8X,0
pnuQxXwB-EioIzkeuFG_,0
rnuQxXwB-EioIzkeuVEM,0
nHuQxXwB-EioIzkeuFFf,0
1HuRxXwB-EioIzkeOl_i,0
jXuTxXwB-EioIzkeMpf6,0
uXuUxXwB-EioIzkeCK4V,0
onuTxXwB-EioIzkeM5fC,0
nHuTxXwB-EioIzkeM5eK,1
HXuSxXwB-EioIzke7pBb,0
8XuSxXwB-EioIzkei4Tw,0
5nuQxXwB-EioIzkep0_a,1
_nuTxXwB-EioIzke7qtj,0
JnuTxXwB-EioIzkeS5rO,0
SHuSxXwB-EioIzkeoYc-,1
T3uSxXwB-EioIzkeoYd_,1
tHuSxXwB-EioIzkeAnVg,0
LXuSxXwB-EioIzkeGngE,0
KnuRxXwB-EioIzkerGxw,1
ynuSxXwB-EioIzketYnA,0
0HuSxXwB-EioIzketYn2,0
unuSxXwB-EioIzketIn_,0
IHuRxXwB-EioIzkea2WN,0
LnuTxXwB-EioIzkejKGT,0
dnuQxXwB-EioIzkekk0R,0
XXuQxXwB-EioIzkekU0m,0
Z3uTxXwB-EioIzkesqVN,0
unuQxXwB-EioIzkepk9B,0
xXuQxXwB-EioIzke3lVT,0
ZXuRxXwB-EioIzkeGlya,0
B3uSxXwB-EioIzkePXx9,0
B3uSxXwB-EioIzkecoKI,0
-nuRxXwB-EioIzkeqmv_,0
D3uSxXwB-EioIzkeGXha,0
0HuSxXwB-EioIzkegYNk,0
m3uSxXwB-EioIzke_JGC,0
uHuQxXwB-EioIzkezFOr,0
1HuRxXwB-EioIzkecmUr,0
E3uSxXwB-EioIzkeUH57,0
EXuSxXwB-EioIzkeUH5r,0
u3uQxXwB-EioIzkezFPI,0
tnuQxXwB-EioIzkezFOW,0
gXuRxXwB-EioIzkeLl6O,0
GHuTxXwB-EioIzkenKPk,0
JnuQxXwB-EioIzke61cm,0
bXuTxXwB-EioIzkeoKNF,0
eHuTxXwB-EioIzkeoKOX,0
KHuQxXwB-EioIzke61c6,0
bXuTxXwB-EioIzkeO5hy,0
SXuSxXwB-EioIzkeLXqL,0
QnuSxXwB-EioIzke54-e,0
zHuSxXwB-EioIzkeioSr,0
y3uSxXwB-EioIzkeioSh,0
4HuSxXwB-EioIzkei4Rl,0
CnuSxXwB-EioIzke7ZB0,0
iHuUxXwB-EioIzkeBq5A,0
hXuTxXwB-EioIzkel6LM,0
DXuRxXwB-EioIzkePWA2,0
i3uQxXwB-EioIzkewVJb,0
AXuRxXwB-EioIzkePGC_,0
VHuRxXwB-EioIzkeZGQA,0
i3uUxXwB-EioIzkeBq5d,1
c3uTxXwB-EioIzkel6JL,0
i3uTxXwB-EioIzkel6L3,0
u3uRxXwB-EioIzkeJ104,0
gHuRxXwB-EioIzkeeGZh,0
NXuSxXwB-EioIzkeSH2E,0
h3uRxXwB-EioIzkeeGam,1
3XuTxXwB-EioIzkeCJKD,0
mXuSxXwB-EioIzkeC3Y9,0
h3uSxXwB-EioIzkedYK_,0
kHuSxXwB-EioIzkedoIS,0
HXuRxXwB-EioIzkefmdA,0
mHuRxXwB-EioIzkeum0p,0
p3uSxXwB-EioIzkeQ3xZ,0
63uRxXwB-EioIzkeH1yv,0
8nuRxXwB-EioIzkeH1zo,1
5XuRxXwB-EioIzkeH1x-,0
HnuRxXwB-EioIzkefmdK,0
5nuRxXwB-EioIzkeH1yG,0
83uTxXwB-EioIzkek6HS,0
1HuRxXwB-EioIzkeBFl1,0
hXuQxXwB-EioIzke-Fhd,0
hHuQxXwB-EioIzke-FhT,0
vHuTxXwB-EioIzkeK5Ze,0
enuRxXwB-EioIzke5XLO,1
HHuUxXwB-EioIzkeC6-P,0
w3uTxXwB-EioIzkeK5ai,1
LXuRxXwB-EioIzkeNV8K,0
hXuQxXwB-EioIzkeylPn,0
sXuTxXwB-EioIzke9Kz5,0
9nuRxXwB-EioIzke4HH3,0
QnuSxXwB-EioIzke345l,0
_XuRxXwB-EioIzke_HS0,0
anuRxXwB-EioIzkeyW96,0
c3uRxXwB-EioIzkeyW-9,0
-XuRxXwB-EioIzke_HSZ,0
aHuSxXwB-EioIzkeJXk1,0
P3uTxXwB-EioIzke8Kzv,0
R3uRxXwB-EioIzkeUGKo,0
T3uRxXwB-EioIzkeUGLt,0
EHuQxXwB-EioIzkeqVBp,0
VHuRxXwB-EioIzkeUWIa,0
UXuSxXwB-EioIzkeJHlj,0
WXuRxXwB-EioIzke_3WC,0
xXuRxXwB-EioIzkexG4R,0
2HuRxXwB-EioIzkexG55,0
JnuQxXwB-EioIzkeqlA_,0
-HuSxXwB-EioIzke3I1_,0
73uSxXwB-EioIzke3I0q,0
-nuSxXwB-EioIzke3I2S,0
V3uSxXwB-EioIzkeJHmi,0
BHuRxXwB-EioIzkeoWuj,0
bnuRxXwB-EioIzkeN18s,0
d3uRxXwB-EioIzkeE1si,0
PnuTxXwB-EioIzkeMJcT,0
h3uRxXwB-EioIzkeE1uB,1
d3uTxXwB-EioIzkehaBj,0
gXuQxXwB-EioIzke5VYd,1
hnuRxXwB-EioIzkeE1t1,0
sHuSxXwB-EioIzke85C4,0
P3uTxXwB-EioIzkeuqYj,1
tnuSxXwB-EioIzkeVn45,0
f3uSxXwB-EioIzkeboFr,0
MHuTxXwB-EioIzkeFZQJ,0
lXuRxXwB-EioIzkenWrF,0
R3uSxXwB-EioIzkeN3sE,0
s3uSxXwB-EioIzke85DV,0
qHuSxXwB-EioIzke85Bq,0
mXuTxXwB-EioIzkeKpYK,0
NXuQxXwB-EioIzke_lnI,0
fnuTxXwB-EioIzkezqi6,0
OHuQxXwB-EioIzke_lnk,0
UnuTxXwB-EioIzkejaH9,0
c3uTxXwB-EioIzkeBJKp,0
13uTxXwB-EioIzkeraQR,0
a3uTxXwB-EioIzkeV5vy,0
0XuTxXwB-EioIzkerKS1,1
hHuSxXwB-EioIzkeq4iY,0
mHuTxXwB-EioIzke4ao5,0
inuTxXwB-EioIzke4Kqw,1
tnuSxXwB-EioIzkeFndG,0
LnuTxXwB-EioIzkeXpwX,0
uXuSxXwB-EioIzkeFndk,0
eHuSxXwB-EioIzkexYt_,0
uXuTxXwB-EioIzke2Knb,0
zHuQxXwB-EioIzkelU0e,0
F3uUxXwB-EioIzkeAq5q,0
z3uQxXwB-EioIzkelU05,0
FHuUxXwB-EioIzkeAq5P,0
3nuTxXwB-EioIzkeyKfV,0
2nuTxXwB-EioIzkeI5V-,0
23uSxXwB-EioIzkeKXmJ,0
DXuSxXwB-EioIzke5o8u,0
EXuSxXwB-EioIzke5o9E,0
uXuTxXwB-EioIzkevqYc,0
93uTxXwB-EioIzkeHJSv,0
tnuTxXwB-EioIzkefp8K,0
pnuTxXwB-EioIzkefZ9-,1
r3uTxXwB-EioIzkevaa8,0
sHuTxXwB-EioIzkevabI,0
inuTxXwB-EioIzkeoaM6,0
sXuRxXwB-EioIzkeDFq-,1
UHuQxXwB-EioIzke7Few,0
tnuRxXwB-EioIzkeDFrp,0
o3uRxXwB-EioIzkecGUs,0
kXuTxXwB-EioIzkemKIh,0
sHuRxXwB-EioIzkecGXJ,0
I3uQxXwB-EioIzkejk3_,0
L3uQxXwB-EioIzkej01v,0
NHuTxXwB-EioIzkeZp2I,0
z3uTxXwB-EioIzke0aho,0
RHuTxXwB-EioIzkeZ50j,1
LHuSxXwB-EioIzkeuYoJ,0
KHuRxXwB-EioIzkev26G,0
znuSxXwB-EioIzkeH3h-,1
zHuRxXwB-EioIzkeqWsR,0
63uSxXwB-EioIzke0oz3,0
PHuSxXwB-EioIzkeB3bH,0
HHuRxXwB-EioIzkev24M,0
dXuQxXwB-EioIzkeo0_B,0
Z3uSxXwB-EioIzkekIUw,0
oXuSxXwB-EioIzkeXn8l,0
lnuSxXwB-EioIzkeXX--,0
RXuRxXwB-EioIzkeP2Ae,0
VXuRxXwB-EioIzke0XCa,0
U3uRxXwB-EioIzkeP2DA,0
QnuUxXwB-EioIzkeA66t,0
3HuQxXwB-EioIzkesVBC,0
DnuRxXwB-EioIzkeRmGF,0
2XuTxXwB-EioIzkev6Z6,1
bnuTxXwB-EioIzke_K0k,1
qnuRxXwB-EioIzke8HPa,1
-HuSxXwB-EioIzkelYUW,0
CXuSxXwB-EioIzkelYa4,0
F3uTxXwB-EioIzkeQZl2,1
iXuTxXwB-EioIzkec545,0
eHuQxXwB-EioIzke91jc,0
aHuTxXwB-EioIzkexKep,1
mHuRxXwB-EioIzkeC1rT,0
PnuRxXwB-EioIzkemmpi,0
gnuSxXwB-EioIzkevIos,0
IHuSxXwB-EioIzkeK3r6,1
yHuSxXwB-EioIzkeTX3E,0
4HuSxXwB-EioIzkeYH-Z,0
4nuRxXwB-EioIzkeDlp-,1
zXuSxXwB-EioIzkeTX3w,0
cnuQxXwB-EioIzke91id,1
73uRxXwB-EioIzkeDlr_,0
Y3uRxXwB-EioIzkebmUo,0
hHuRxXwB-EioIzkek2lU,0
D3uQxXwB-EioIzkeoE8s,0
cHuSxXwB-EioIzkeHHhh,0
ZHuRxXwB-EioIzkebmUw,0
eHuRxXwB-EioIzkepWvt,0
Z3uRxXwB-EioIzkebmVJ,0
G3uSxXwB-EioIzkewYvT,0
HnuTxXwB-EioIzke06lG,0
HXuRxXwB-EioIzkedGbS,0
OnuRxXwB-EioIzke_nVs,0
CHuSxXwB-EioIzkewYsc,0
a3uSxXwB-EioIzkeu4pl,1
cnuRxXwB-EioIzkebmWn,0
4nuRxXwB-EioIzkeVmJr,0
MnuSxXwB-EioIzke1Y0k,0
x3uTxXwB-EioIzkeUZqr,0
-XuQxXwB-EioIzke6VaC,0
PXuRxXwB-EioIzke_nWA,0
83uSxXwB-EioIzkeBXU2,0
9nuSxXwB-EioIzkeGHet,1
_XuRxXwB-EioIzkeoWpf,0
NHuTxXwB-EioIzkegqDV,0
enuSxXwB-EioIzkeE3fr,0
8HuQxXwB-EioIzke_Fg9,0
8nuQxXwB-EioIzke_FhQ,0
p3uSxXwB-EioIzke0Iwf,0
DnuQxXwB-EioIzke6lc6,0
bnuSxXwB-EioIzkeU37u,1
_XuSxXwB-EioIzkeGHfl,0
zXuRxXwB-EioIzkehGfQ,0
TnuQxXwB-EioIzkekE2V,0
c3uRxXwB-EioIzkeAVkE,1
2nuTxXwB-EioIzke46qI,0
73uQxXwB-EioIzke11SU,0
-HuRxXwB-EioIzkeYGO4,0
83uTxXwB-EioIzke2qns,0
q3uSxXwB-EioIzke0IxV,0
EnuQxXwB-EioIzkexlNt,0
bnuSxXwB-EioIzkeQXw_,1
rnuSxXwB-EioIzkex4uS,0
QHuSxXwB-EioIzkeI3m4,0
xnuSxXwB-EioIzkeDXYw,0
63uRxXwB-EioIzkeaWSQ,0
yHuSxXwB-EioIzkerYga,0
B3uTxXwB-EioIzke26qy,0
yHuRxXwB-EioIzkehGec,1
oXuRxXwB-EioIzkeJl0J,0
j3uRxXwB-EioIzkeJV1z,0
iHuRxXwB-EioIzkegmc-,1
D3uQxXwB-EioIzkexlNQ,0
TnuSxXwB-EioIzkew4vy,0
-3uSxXwB-EioIzkeGHfV,0
2HuRxXwB-EioIzkehWdC,0
WXuTxXwB-EioIzkeX5xQ,1
mnuQxXwB-EioIzkey1OM,0
jnuRxXwB-EioIzkeJV1r,0
13uSxXwB-EioIzketokt,0
GnuTxXwB-EioIzke76x-,0
1nuSxXwB-EioIzke241C,0
8HuTxXwB-EioIzkem6JX,0
knuSxXwB-EioIzkeAXU5,1
aXuTxXwB-EioIzke1am5,0
hXuRxXwB-EioIzkeUmL_,0
dnuTxXwB-EioIzke1qk7,0
7XuTxXwB-EioIzkem6I7,1
2nuSxXwB-EioIzke241n,0
nXuQxXwB-EioIzkepU87,0
QXuTxXwB-EioIzkeTJrP,0
uHuSxXwB-EioIzke2o0_,0
lHuSxXwB-EioIzkepIcM,0
B3uSxXwB-EioIzkejIWU,0
gXuSxXwB-EioIzke4Y5Z,0
8nuSxXwB-EioIzkeyYvn,0
Z3uTxXwB-EioIzkeF5Qc,0
BHuSxXwB-EioIzke95EG,0
kHuTxXwB-EioIzkeRZn_,0
EnuRxXwB-EioIzke2HG0,0
6XuRxXwB-EioIzkeO1-u,0
inuTxXwB-EioIzkeRZnI,0
BXuRxXwB-EioIzkec2b_,1
93uRxXwB-EioIzkezm9-,0
H3uTxXwB-EioIzkewafi,0
L3uSxXwB-EioIzke75AM,0
AXuTxXwB-EioIzke5KvF,0
cXuQxXwB-EioIzke21VG,1
gXuRxXwB-EioIzkeG1yn,1
DHuTxXwB-EioIzkeJJbk,0
LHuRxXwB-EioIzke9XS5,0
ynuSxXwB-EioIzkecIHw,0
gXuSxXwB-EioIzke-5GD,1
gXuRxXwB-EioIzke-HTr,0
RXuRxXwB-EioIzkeLF5L,0
anuSxXwB-EioIzke6I_H,0
IHuSxXwB-EioIzkeWX_A,0
P3uRxXwB-EioIzkeSGGQ,0
eXuSxXwB-EioIzkeo4cf,0
hXuSxXwB-EioIzke-5Gv,0
A3uQxXwB-EioIzkez1TO,0
JHuSxXwB-EioIzkee4Nd,0
5XuTxXwB-EioIzkeLJbv,0
GHuSxXwB-EioIzkejYUg,0
g3uSxXwB-EioIzkeS30N,0
PnuSxXwB-EioIzkeUn4K,0
t3uSxXwB-EioIzkekoXE,0
YnuTxXwB-EioIzkeKJYv,0
wHuTxXwB-EioIzkedZ4T,0
CHuRxXwB-EioIzke2HFR,0
r3uRxXwB-EioIzkeemZc,0
GnuTxXwB-EioIzke-K2u,0
u3uTxXwB-EioIzkeNJe7,0
uXuTxXwB-EioIzkeNJen,0
KHuSxXwB-EioIzkeWn8J,0
2nuTxXwB-EioIzkekqHl,0
gXuQxXwB-EioIzket1Fu,0
7XuTxXwB-EioIzkeLZY_,0
pXuTxXwB-EioIzkeh6BR,0
jXuRxXwB-EioIzkeQWDx,0
jXuTxXwB-EioIzkePJiZ,0
cnuRxXwB-EioIzkegWdG,0
HXuQxXwB-EioIzke0FS0,0
e3uSxXwB-EioIzke4Y4o,0
Z3uRxXwB-EioIzke7nOP,1
H3uTxXwB-EioIzkeJZZ4,0
UnuRxXwB-EioIzkeyG-L,0
8HuRxXwB-EioIzkejWit,0
B3uTxXwB-EioIzkeJJbB,0
K3uSxXwB-EioIzkehIS8,0
enuRxXwB-EioIzkeyW_x,0
rXuTxXwB-EioIzkedJ5u,0
QHuRxXwB-EioIzke9nRx,0
lnuTxXwB-EioIzkehqC3,0
R3uSxXwB-EioIzkeY4Cx,0
Z3uRxXwB-EioIzke0nBH,0
N3uUxXwB-EioIzkeDK9q,0
WXuSxXwB-EioIzke1o22,0
EnuTxXwB-EioIzkelKLd,0
snuSxXwB-EioIzke6o_T,1
9nuQxXwB-EioIzkeslA1,0
d3uRxXwB-EioIzkeyW_b,0
HHuQxXwB-EioIzke_Vne,1
xHuRxXwB-EioIzkeTGHL,0
UXuRxXwB-EioIzkekWme,0
PHuSxXwB-EioIzkeWn_B,0
I3uQxXwB-EioIzke9Fi0,0
aXuSxXwB-EioIzke4I6t,0
MHuRxXwB-EioIzkePmBz,0
kXuTxXwB-EioIzkexqce,1
NXuSxXwB-EioIzke548_,0
YnuSxXwB-EioIzke1401,0
TnuQxXwB-EioIzkeok8m,0
SXuQxXwB-EioIzkeyFO_,0
N3uTxXwB-EioIzke1KkN,0
MnuSxXwB-EioIzkeLHqk,0
RXuRxXwB-EioIzkeiGgs,0
uXuQxXwB-EioIzke51ZS,0
YnuTxXwB-EioIzkeep-_,0
zXuSxXwB-EioIzkev4oI,0
w3uTxXwB-EioIzkeo6MQ,0
3HuSxXwB-EioIzkeaIDZ,0
mHuSxXwB-EioIzkeHXjK,0
THuQxXwB-EioIzkemU6r,0
sXuTxXwB-EioIzkea51N,0
HHuTxXwB-EioIzkelaI2,0
LXuTxXwB-EioIzke06mg,0
0HuSxXwB-EioIzkev4om,1
2HuSxXwB-EioIzkeBHUC,0
P3uTxXwB-EioIzke-q07,0
VHuQxXwB-EioIzkeok9d,0
M3uQxXwB-EioIzkeqlC_,0
vnuTxXwB-EioIzkea523,0
i3uRxXwB-EioIzkepmuo,1
33uSxXwB-EioIzkeaIDy,0
inuSxXwB-EioIzkeOHuf,0
a3uRxXwB-EioIzkeUWL1,0
43uSxXwB-EioIzke_5Fo,1
0HuTxXwB-EioIzkeW5uI,0
5nuRxXwB-EioIzkezW_a,0
GnuRxXwB-EioIzkeEFu_,0
lnuRxXwB-EioIzkep2sE,0
v3uTxXwB-EioIzkea52_,0
kXuRxXwB-EioIzkepmve,0
EXuRxXwB-EioIzkeWGMl,0
YHuTxXwB-EioIzkeKJYb,0
53qqX3wB-EioIzkevTAR,0
-HqqX3wB-EioIzkevTDO,0
JHqqX3wB-EioIzkevzGs,0
KHqqX3wB-EioIzkevzHN,0
NXqqX3wB-EioIzkewDE4,0
x3qqX3wB-EioIzkeuzDl,0
b3qqX3wB-EioIzketzDm,0
fXqqX3wB-EioIzkeuDBk,0
kXqqX3wB-EioIzkeuTA5,0
nHqqX3wB-EioIzkeujAJ,0
AHqqX3wB-EioIzkerzDj,0
GnqqX3wB-EioIzkesTB-,0
N3qqX3wB-EioIzkeszAA,0
R3qqX3wB-EioIzketDBq,0
rXqqX3wB-EioIzkeqy9t,0
tnqqX3wB-EioIzkeqy--,0
uHqqX3wB-EioIzkeqy_P,0
xnqqX3wB-EioIzkerC9X,0
XnqqX3wB-EioIzkepy_y,1
6HqqX3wB-EioIzkeny4y,0
7HqqX3wB-EioIzkeny5i,0
xnqqX3wB-EioIzkenS44,1
bHqqX3wB-EioIzkelS7k,0
gnqqX3wB-EioIzkemC7x,0
3nqqX3wB-EioIzkeiS2d,1
4nqqX3wB-EioIzkeiS3j,0
3HqqX3wB-EioIzkeiS2D,0
qnqqX3wB-EioIzkehi28,0
tHqqX3wB-EioIzkehy1M,0
u3qqX3wB-EioIzkehy2_,0
zHqqX3wB-EioIzkeiC3c,0
ZXqqX3wB-EioIzkegy3H,1